density_min,density_max,density_ratio,usps,state,seats,population,lobes,thinnest_ring,thickest_ring,ring_ratio,max_pop_dev,ring_escape,kb,seconds
36.9,631.9,17.1,NY,New York,26,20201249,1,0.00379,0.33979,89.6,0.00145,0.03076,21.0,137.6
21.3,295.3,13.9,IL,Illinois,17,12812508,1,0.00812,0.30572,37.7,0.00054,0.00364,15.7,52.7
27.7,214.3,7.7,CA,California,52,39538223,1,0.00498,0.1633,32.8,0.0015,0.02392,28.9,299.0
4.6,68.1,14.8,NV,Nevada,4,3104614,1,0.02542,0.77076,30.3,0.00012,0.0,3.7,2.9
48.0,268.0,5.6,PA,Pennsylvania,17,13002700,1,0.01222,0.36833,30.2,0.00038,0.00241,6.9,25.1
5.9,73.4,12.4,OR,Oregon,6,4237256,1,0.02728,0.689,25.3,0.0002,0.00378,13.7,31.9
17.6,111.5,6.3,WI,Wisconsin,8,5893718,1,0.02129,0.53657,25.2,0.00074,0.01121,20.2,46.6
11.2,151.2,13.5,MN,Minnesota,8,5706494,1,0.01931,0.45931,23.8,0.00076,0.01533,30.7,65.4
16.3,82.8,5.1,TX,Texas,38,29145505,1,0.00894,0.19121,21.4,0.00322,0.01377,70.9,1001.8
50.3,291.5,5.8,FL,Florida,28,21538187,1,0.00786,0.15621,19.9,0.00117,0.19009,34.0,332.8
20.7,188.9,9.1,WA,Washington,10,7705281,1,0.02351,0.46217,19.7,0.00055,0.01844,30.8,99.6
31.1,194.0,6.2,GA,Georgia,14,10711908,1,0.0209,0.40192,19.2,0.00031,0.00209,21.7,67.8
246.1,813.4,3.3,NJ,New Jersey,12,9288994,1,0.02604,0.40767,15.7,0.00077,0.06477,8.1,14.6
5.8,359.5,62.0,AZ,Arizona,9,7151502,1,0.01952,0.28995,14.9,9e-05,0.0,8.6,20.1
5.3,29.5,5.6,NE,Nebraska,3,1961504,1,0.05696,0.78231,13.7,0.00022,7e-05,7.8,11.3
19.5,62.7,3.2,MO,Missouri,8,6154913,1,0.03487,0.44557,12.8,0.00063,0.0082,12.9,22.8
30.8,149.2,4.8,VA,Virginia,11,8631393,2,0.0283,0.35349,12.5,0.00033,0.0514,31.1,81.3
10.1,40.3,4.0,KS,Kansas,4,2937880,1,0.04369,0.53654,12.3,2e-05,0.0,3.2,7.1
164.0,519.8,3.2,MA,Massachusetts,9,7029917,2,0.03951,0.4795,12.1,0.00031,0.06857,14.8,55.7
44.9,86.4,1.9,MI,Michigan,13,10077331,2,0.02888,0.32481,11.2,8e-05,0.06269,44.1,76.8
55.2,1021.9,18.5,OH,Ohio,15,11799448,1,0.0204,0.22646,11.1,0.00038,0.00124,11.1,43.9
19.2,85.8,4.5,LA,Louisiana,6,4657757,1,0.04997,0.54206,10.8,0.00048,0.07079,35.6,159.5
5.6,126.0,22.5,CO,Colorado,8,5773714,1,0.03086,0.27468,8.9,0.00012,0.0,1.3,3.6
7.4,56.3,7.6,UT,Utah,4,3271616,1,0.06136,0.50777,8.3,0.00011,0.0,1.2,1.5
48.8,181.7,3.7,NC,North Carolina,14,10439388,1,0.03669,0.26086,7.1,0.00312,0.0138,31.0,70.6
31.1,113.2,3.6,SC,South Carolina,7,5118425,1,0.04752,0.31791,6.7,0.00043,0.00118,17.4,34.1
26.5,64.2,2.4,AL,Alabama,7,5024279,1,0.05607,0.37626,6.7,0.00021,0.01031,7.9,15.7
17.6,37.6,2.1,MS,Mississippi,4,2961279,1,0.08188,0.49846,6.1,3e-05,0.00272,17.2,22.1
48.9,101.2,2.1,TN,Tennessee,9,6910840,1,0.04402,0.26375,6.0,0.00028,0.00018,10.9,28.0
8.6,128.4,14.9,OK,Oklahoma,5,3959353,1,0.05116,0.30758,6.0,0.00065,0.03183,14.6,27.0
28.8,65.3,2.3,KY,Kentucky,6,4505836,1,0.0589,0.34005,5.8,6e-05,0.01182,16.2,22.0
32.3,708.6,21.9,IN,Indiana,9,6785528,1,0.03526,0.19566,5.5,0.00041,0.00204,11.3,29.7
56.3,1244.4,22.1,MD,Maryland,8,6177224,1,0.04822,0.21559,4.5,0.00045,0.27252,30.4,72.6
22.5,39.1,1.7,WV,West Virginia,2,1793716,1,0.20001,0.79999,4.0,0.00021,0.00826,21.1,19.2
12.4,80.2,6.5,AR,Arkansas,4,3011524,1,0.12193,0.45254,3.7,0.00021,0.0,13.0,23.4
72.2,111.6,1.5,HI,Hawaii,2,1455271,7,0.21924,0.78076,3.6,8e-05,0.02381,17.0,0.9
186.2,485.0,2.6,CT,Connecticut,5,3605944,1,0.10703,0.3391,3.2,0.00018,0.00046,6.0,6.9
14.0,19.0,1.4,ME,Maine,2,1362359,1,0.24116,0.75884,3.1,3e-05,0.0,31.6,27.2
51.0,65.6,1.3,NH,New Hampshire,2,1377529,1,0.24978,0.75022,3.0,0.00011,2e-05,9.6,3.6
14.2,50.1,3.5,IA,Iowa,4,3190369,1,0.12074,0.33041,2.7,0.00014,0.0002,12.2,21.2
7.9,9.1,1.2,ID,Idaho,2,1839106,1,0.26803,0.73197,2.7,5e-05,0.00085,22.5,17.9
385.3,407.6,1.1,RI,Rhode Island,2,1097379,2,0.29351,0.70649,2.4,6e-05,0.16876,5.5,2.5
2.4,3.5,1.5,MT,Montana,2,1084225,1,0.36653,0.63347,1.7,7e-05,0.0,18.0,11.9
4.5,27.9,6.2,NM,New Mexico,3,2117522,1,0.28335,0.42497,1.5,0.00012,0.0,1.8,3.5
190.6,190.6,1.0,DE,Delaware,1,989948,1,1.0,1.0,1.0,0.0,0.0,2.0,1.0
0.5,0.5,1.0,AK,Alaska,1,733391,1,1.0,1.0,1.0,0.0,0.0,223.2,125.1
4.3,4.3,1.0,ND,North Dakota,1,779094,1,1.0,1.0,1.0,0.0,0.0,15.9,16.4
4.4,4.4,1.0,SD,South Dakota,1,886667,1,1.0,1.0,1.0,0.0,0.0,7.0,8.2
25.8,25.8,1.0,VT,Vermont,1,643077,1,1.0,1.0,1.0,0.0,0.0,8.9,4.3
2.3,2.3,1.0,WY,Wyoming,1,576851,1,1.0,1.0,1.0,0.0,0.0,1.2,0.6
